id_athlete,nama_tim,nik,namalengkap,jeniskelamin,tanggallahir,tinggibadan,beratbadan,sabuk,klasifikasi,divisi,class,tim_kontingen
REG001,Kota Uji 1,3578011005130001,REG CASE HEIGHT 734,Laki-laki,2013-05-10,734.00,40.00,GEUP 9 - KUNING,KYORUGI SEMI PRESTASI,CADET,-41,Kota Uji 1
REG002,Kota Uji 1,3578015106130002,REG CASE WEIGHT 420,Perempuan,2013-06-11,150.00,420.00,GEUP 9 - KUNING,POOMSAE SEMI PRESTASI,CADET,INDIVIDUAL,Kota Uji 1
REG003,Kota Uji 1,3578011503100003,REG CASE SWAP A,Laki-laki,2010-03-15,45.00,160.00,GEUP 7 - HIJAU,KYORUGI SEMI PRESTASI,JUNIOR,-45,Kota Uji 1
REG004,Kota Uji 1,3578016808180004,REG CASE SWAP B,Perempuan,2018-08-28,23.00,122.00,GEUP 8 - KUNING STRIP HIJAU,KYORUGI SEMI PRESTASI,PRA CADET B,-24,Kota Uji 1
REG005,Kota Uji 1,3578011210120005,REG CASE ZERO PRESTASI,Laki-laki,2012-10-12,0.00,0.00,GEUP 3 - MERAH,KYORUGI PRESTASI,CADET,-45,Kota Uji 1
REG006,Kota Uji 1,3578010311120006,REG CASE ZERO HEIGHT SEMI,Laki-laki,2012-11-03,0.00,44.00,GEUP 6 - HIJAU STRIP BIRU,KYORUGI SEMI PRESTASI,CADET,-45,Kota Uji 1
REG007,Kota Uji 1,3578012001130007.,REG CASE NIK DOT,Laki-laki,2013-01-20,155.00,47.00,GEUP 9 - KUNING,KYORUGI SEMI PRESTASI,CADET,-49,Kota Uji 1
REG008,Kota Uji 1,3578010904130008,REG CASE NIK GENDER,Perempuan,2013-04-09,150.00,43.00,GEUP 9 - KUNING,KYORUGI SEMI PRESTASI,CADET,-44,Kota Uji 1
REG009,Kota Uji 1,3578013009140009,REG CASE NIK YEAR,Laki-laki,2012-09-30,158.00,48.00,GEUP 9 - KUNING,KYORUGI SEMI PRESTASI,CADET,-49,Kota Uji 1
REG010,Kota Uji 1,3578013010120010,REG CASE NIK DAY MONTH,Laki-laki,2012-09-30,160.00,49.00,GEUP 9 - KUNING,KYORUGI SEMI PRESTASI,CADET,-49,Kota Uji 1
REG011,Kota Uji 1,3578011402150011,REG CASE PLAY UP,Laki-laki,2015-02-14,140.00,36.00,GEUP 9 - KUNING,KYORUGI SEMI PRESTASI,CADET,-37,Kota Uji 1
REG012,Kota Uji 1,3578010505080012,REG CASE PLAY DOWN,Laki-laki,2008-05-05,170.00,54.00,GEUP 7 - HIJAU,KYORUGI SEMI PRESTASI,JUNIOR,-55,Kota Uji 1
REG013,Kota Uji 1,3578014303160013,REG CASE FORMULA PLUS,Perempuan,2016-03-03,150.00,56.00,GEUP 9 - KUNING,KYORUGI SEMI PRESTASI,PRA CADET C,=+53,Kota Uji 1
REG014,Kota Uji 1,3578014404160014,REG CASE BARE CLASS,Perempuan,2016-04-04,148.00,52.00,GEUP 9 - KUNING,KYORUGI SEMI PRESTASI,PRA CADET C,53,Kota Uji 1
REG015,Kota Uji 1,3578014505160015,REG CASE SUFFIX PLUS,Perempuan,2016-05-05,152.00,57.00,GEUP 9 - KUNING,KYORUGI SEMI PRESTASI,PRA CADET C,53+,Kota Uji 1
REG016,Kota Uji 1,3578010707129016,REG PERSON MULTI,Laki-laki,2012-07-07,160.00,48.00,GEUP 3 - MERAH,KYORUGI PRESTASI,CADET,-49,Kota Uji 1
REG017,Kota Uji 2,3578010707129016,REG PERSON MULTI,Laki-laki,2012-07-07,160.00,48.00,GEUP 3 - MERAH,POOMSAE PRESTASI,CADET,INDIVIDUAL,Kota Uji 2
REG018,Kota Uji 1,3578014808139018,REG PERSON BELT,Perempuan,2013-08-08,150.00,40.00,GEUP 7 - HIJAU,POOMSAE SEMI PRESTASI,CADET,INDIVIDUAL,Kota Uji 1
REG019,Kota Uji 1,3578014808139018,REG PERSON BELT,Perempuan,2013-08-08,150.00,40.00,GEUP 6 - HIJAU STRIP BIRU,POOMSAE PRESTASI,CADET,INDIVIDUAL,Kota Uji 1
REG020,Kota Uji 3,3578010202100020,REG PAIR MALE,Laki-laki,2010-02-02,160.00,50.00,GEUP 3 - MERAH,POOMSAE PRESTASI,JUNIOR,PAIR,Kota Uji 3
REG021,Kota Uji 3,3578014303100021,REG PAIR FEMALE,Perempuan,2010-03-03,158.00,48.00,GEUP 3 - MERAH,POOMSAE PRESTASI,JUNIOR,PAIR,Kota Uji 3
REG022,Kota Uji 4,3578010404100022,REG AMBIG MALE A,Laki-laki,2010-04-04,160.00,50.00,GEUP 3 - MERAH,POOMSAE PRESTASI,JUNIOR,PAIR,Kota Uji 4
REG023,Kota Uji 4,3578010505100023,REG AMBIG MALE B,Laki-laki,2010-05-05,162.00,52.00,GEUP 3 - MERAH,POOMSAE PRESTASI,JUNIOR,PAIR,Kota Uji 4
REG024,Kota Uji 4,3578014606100024,REG AMBIG FEMALE A,Perempuan,2010-06-06,156.00,47.00,GEUP 3 - MERAH,POOMSAE PRESTASI,JUNIOR,PAIR,Kota Uji 4
REG025,Kota Uji 4,3578014707100025,REG AMBIG FEMALE B,Perempuan,2010-07-07,157.00,48.00,GEUP 3 - MERAH,POOMSAE PRESTASI,JUNIOR,PAIR,Kota Uji 4
REG026,Kota Uji 5,3578015202130026,REG TEAM ONE,Perempuan,2013-02-12,150.00,40.00,GEUP 3 - MERAH,POOMSAE PRESTASI,CADET,TEAM,Kota Uji 5
REG027,Kota Uji 5,3578015303130027,REG TEAM TWO,Perempuan,2013-03-13,151.00,41.00,GEUP 3 - MERAH,POOMSAE PRESTASI,CADET,TEAM,Kota Uji 5
REG028,Kota Uji 1,3578010909130028,  reg   case  lowercase ,Laki-laki,2013-09-09,150.00,43.00,GEUP 9 - KUNING,KYORUGI SEMI PRESTASI,CADET,-45,Kota Uji 1
REG029,Kota Uji 1,3578013002120029,REG CASE INVALID DATE,Laki-laki,2012-02-30,150.00,44.00,GEUP 9 - KUNING,KYORUGI SEMI PRESTASI,CADET,-45,Kota Uji 1
REG030,Kota Uji 1,3578011010130030,REG CASE UNKNOWN BELT,Laki-laki,2013-10-10,150.00,44.00,GEUP 10 - PUTIH,KYORUGI SEMI PRESTASI,CADET,-45,Kota Uji 1
REG031,Kota Uji 1,3578011111130031,REG CASE COMMA DECIMAL,Laki-laki,2013-11-11,"150,5",44.00,GEUP 9 - KUNING,KYORUGI SEMI PRESTASI,CADET,-45,Kota Uji 1
REG032,Kota Uji 1,3578014605140032,REG CASE BMI,Perempuan,2014-05-06,128.00,16.00,GEUP 7 - HIJAU,KYORUGI PRESTASI,CADET,-29,Kota Uji 1
REG033,Kota Uji 1,3578011212130033,REG CASE CLASS MISMATCH,Laki-laki,2013-12-12,155.00,45.00,GEUP 9 - KUNING,KYORUGI SEMI PRESTASI,CADET,-41,Kota Uji 1
REG034,Kota Uji 1,3578010302130034,REG CASE DUP ID A,Laki-laki,2013-02-03,150.00,44.00,GEUP 9 - KUNING,KYORUGI SEMI PRESTASI,CADET,-45,Kota Uji 1
REG034,Kota Uji 1,3578010402130035,REG CASE DUP ID B,Laki-laki,2013-02-04,150.00,44.00,GEUP 9 - KUNING,KYORUGI SEMI PRESTASI,CADET,-45,Kota Uji 1
REG036,Kota Uji 1,3578010303200036,REG CASE DIVISION STREAM,Laki-laki,2020-03-03,115.00,18.00,GEUP 9 - KUNING,KYORUGI PRESTASI,PRA CADET A,-18,Kota Uji 1
REG037,Kota Uji 1,3578010403130037,REG CASE UNKNOWN CLASSIFICATION,Laki-laki,2013-03-04,150.00,44.00,GEUP 9 - KUNING,KYORUGI FESTIVAL,CADET,-45,Kota Uji 1
REG038,Kota Uji 1,3578010503130038,REG CASE UNKNOWN GENDER,L,2013-03-05,150.00,44.00,GEUP 9 - KUNING,KYORUGI SEMI PRESTASI,CADET,-45,Kota Uji 1
REG039,Kota Uji 1,3578010202130039,REG CASE BAD WEIGHT,Laki-laki,2013-02-02,150.00,abc,GEUP 9 - KUNING,KYORUGI SEMI PRESTASI,CADET,-45,Kota Uji 1
REG040,Kota Uji 1,3578010606130040,REG CASE NO MOVEMENT,Laki-laki,2013-06-06,150.00,40.00,GEUP 2 - MERAH STRIP 1,POOMSAE SEMI PRESTASI,CADET,INDIVIDUAL,Kota Uji 1
REG041,Kota Uji 9,3578011707130041,REG CASE CONTINGENT FIELDS,Laki-laki,2013-07-17,150.00,44.00,GEUP 9 - KUNING,KYORUGI SEMI PRESTASI,CADET,-45,Kota Uji 1
REG042,Kota Uji 1,3578010101120042,REG CASE JAN FIRST,Laki-laki,2012-01-01,150.00,44.00,GEUP 9 - KUNING,KYORUGI SEMI PRESTASI,CADET,-45,Kota Uji 1
REG043,Kota Uji 1,3578010303130043,REG CASE UNICODE MINUS,Laki-laki,2013-03-03,150.00,44.00,GEUP 9 - KUNING,KYORUGI SEMI PRESTASI,CADET,−45,Kota Uji 1
REG044,Kota Uji 1,3578010404130044,REG CASE FORMULA MINUS,Laki-laki,2013-04-04,150.00,44.00,GEUP 9 - KUNING,KYORUGI SEMI PRESTASI,CADET,=-45,Kota Uji 1
